{
    "/m/012qdp": 0.0019222497940063477,
    "/m/012t_z": 0.001844644546508789,
    "/m/01445t": 0.0018812922331003042,
    "/m/014kbl": 0.0036094188690185547,
    "/m/015cjr": 0.0003470778465270996,
    "/m/016fly": 0.0016237497329711914,
    "/m/016wtf": 0.0023986101150512695,
    "/m/016z4k": 0.0025726216179983957,
    "/m/018gz8": 0.0019524260000749068,
    "/m/0196pc": 0.001936197280883789,
    "/m/019x4f": 0.0008057355880737305,
    "/m/01c72t": 0.003615541458129883,
    "/m/01c8w0": 0.004217897852261861,
    "/m/01d30f": 0.002307891845703125,
    "/m/01d_h8": 0.00196164958881882,
    "/m/01l5t6": 0.0020615458488464355,
    "/m/01pvkk": 0.0026134252548217773,
    "/m/025352": 0.0036325007677078247,
    "/m/025sppp": 0.0017052292823791504,
    "/m/026sdt1": 0.0034915991127490997,
    "/m/028kk_": 0.002656062444051107,
    "/m/02hrh1q": 0.0018363752907423637,
    "/m/02hv44_": 0.004646115005016327,
    "/m/02jknp": 0.00275506986224133,
    "/m/02krf9": 0.002412899946555113,
    "/m/02p0s5r": 0.0018422603607177734,
    "/m/02pjxr": 0.003171837329864502,
    "/m/02t8yb": 0.004738450050354004,
    "/m/02tx6q": 0.002309884343828474,
    "/m/02y5kn": 0.001114964485168457,
    "/m/02ynfr": 0.0017514626185099285,
    "/m/039v1": 0.0023422340552012124,
    "/m/03gjzk": 0.0023753970633936293,
    "/m/03sbb": 0.005756974220275879,
    "/m/04f2zj": 0.0014911293983459473,
    "/m/04gc2": 0.003692401780022515,
    "/m/04gf49c": 0.0020707249641418457,
    "/m/04pyp5": 0.002177298069000244,
    "/m/04s2z": 0.0029970010121663413,
    "/m/0557q": 0.0038489103317260742,
    "/m/05snw": 0.00462188720703125,
    "/m/05sxg2": 0.0037131309509277344,
    "/m/05t4q": 0.0022659748792648315,
    "/m/05vyk": 0.0027547399202982586,
    "/m/05xjb": 0.0033898353576660156,
    "/m/05z96": 0.00420757383108139,
    "/m/064xm0": 0.0019130110740661621,
    "/m/066dv": 0.001834869384765625,
    "/m/067nv": 0.0010335445404052734,
    "/m/06q2q": 0.0031404495239257812,
    "/m/0747nrk": 0.0015575885772705078,
    "/m/07lqg0": 0.002393960952758789,
    "/m/07s467s": 0.004780590534210205,
    "/m/089fss": 0.002224162220954895,
    "/m/08z956": 0.002252817153930664,
    "/m/099md": 0.004841756820678711,
    "/m/09j9h": 0.0030052661895751953,
    "/m/09jwl": 0.0018052467863068325,
    "/m/09lbv": 0.0036048293113708496,
    "/m/09vw2b7": 0.0015954971313476562,
    "/m/09zzb8": 0.0020990371704101562,
    "/m/0cbd2": 0.003291011125117809,
    "/m/0d1pc": 0.0016523914775629152,
    "/m/0d2ww": 0.0019692182540893555,
    "/m/0d8qb": 0.0028486041461720187,
    "/m/0dgd_": 0.0035249020190949135,
    "/m/0dxtg": 0.0024864172246912325,
    "/m/0dz3r": 0.003805569895021208,
    "/m/0fj9f": 0.004618330435319381,
    "/m/0fnpj": 0.0031419082691794948,
    "/m/0frz0": 0.003230793909593062,
    "/m/0fy91": 0.0028989315032958984,
    "/m/0g0vx": 0.002276480197906494,
    "/m/0g7nc": 0.0029044151306152344,
    "/m/0g_qdz": 0.0029540061950683594,
    "/m/0gbbt": 0.0028472900390625,
    "/m/0gl2ny2": 0.0019482672214508057,
    "/m/0h9c": 0.0022739171981811523,
    "/m/0jgxn": 0.0028432905673980713,
    "/m/0kyk": 0.0033662022753832813,
    "/m/0lgw7": 0.003020489757711237,
    "/m/0mb31": 0.00377500057220459,
    "/m/0mch7": 0.0024766921997070312,
    "/m/0mn6": 0.0031595315252031598,
    "/m/0n1h": 0.0033239339654510085,
    "/m/0nbcg": 0.0035913244142370708,
    "/m/0np9r": 0.001785956171094155,
    "/m/0q04f": 0.0025638267397880554,
    "/m/0xzm": 0.00256807804107666
}