{
    "/m/012qdp": 0.0014544328053792317,
    "/m/012t_z": 0.005616307258605957,
    "/m/01445t": 0.003090381622314453,
    "/m/014kbl": 0.0052983760833740234,
    "/m/015cjr": 0.0033011436462402344,
    "/m/016fly": 0.003040790557861328,
    "/m/016wtf": 0.004083395004272461,
    "/m/016z4k": 0.005442653383527484,
    "/m/018gz8": 0.004122408953579989,
    "/m/0196pc": 0.0032807588577270508,
    "/m/019x4f": 0.0038976669311523438,
    "/m/01c72t": 0.004747023582458496,
    "/m/01c8w0": 0.0056264400482177734,
    "/m/01d30f": 0.002596139907836914,
    "/m/01d_h8": 0.004483486121555544,
    "/m/01l5t6": 0.003861665725708008,
    "/m/01pvkk": 0.007151126861572266,
    "/m/025352": 0.004628390073776245,
    "/m/025sppp": 0.0037763118743896484,
    "/m/026sdt1": 0.0034699440002441406,
    "/m/028kk_": 0.0035515626271565757,
    "/m/02hrh1q": 0.0030607740690572582,
    "/m/02hv44_": 0.004601731896400452,
    "/m/02jknp": 0.00433782002200251,
    "/m/02krf9": 0.004883616398542355,
    "/m/02p0s5r": 0.004796504974365234,
    "/m/02pjxr": 0.003235022226969401,
    "/m/02t8yb": 0.004807472229003906,
    "/m/02tx6q": 0.004803589412144252,
    "/m/02y5kn": 0.0045899152755737305,
    "/m/02ynfr": 0.004582564036051433,
    "/m/039v1": 0.005307376384735107,
    "/m/03gjzk": 0.005187514174075527,
    "/m/03sbb": 0.0039556026458740234,
    "/m/04f2zj": 0.005686521530151367,
    "/m/04gc2": 0.0038120216793484157,
    "/m/04gf49c": 0.005571842193603516,
    "/m/04pyp5": 0.006398677825927734,
    "/m/04s2z": 0.0028738180796305337,
    "/m/0557q": 0.004113197326660156,
    "/m/05snw": 0.0029802799224853517,
    "/m/05sxg2": 0.00628092885017395,
    "/m/05t4q": 0.004638612270355225,
    "/m/05vyk": 0.003937411308288574,
    "/m/05xjb": 0.0027561187744140625,
    "/m/05z96": 0.005483090877532959,
    "/m/064xm0": 0.007053017616271973,
    "/m/066dv": 0.003862619400024414,
    "/m/067nv": 0.0035104751586914062,
    "/m/06q2q": 0.0026878714561462402,
    "/m/0747nrk": 0.0030405521392822266,
    "/m/07lqg0": 0.003473520278930664,
    "/m/07s467s": 0.006253242492675781,
    "/m/089fss": 0.005129575729370117,
    "/m/08z956": 0.004460358619689941,
    "/m/099md": 0.002996540069580078,
    "/m/09j9h": 0.004528713226318359,
    "/m/09jwl": 0.005650735083427138,
    "/m/09lbv": 0.004896657807486398,
    "/m/09vw2b7": 0.0066301822662353516,
    "/m/09zzb8": 0.006356716156005859,
    "/m/0cbd2": 0.004528307699942374,
    "/m/0d1pc": 0.005007154640110059,
    "/m/0d2ww": 0.007337689399719238,
    "/m/0d8qb": 0.0037731002358829275,
    "/m/0dgd_": 0.004210025706189744,
    "/m/0dxtg": 0.004749194164138409,
    "/m/0dz3r": 0.0061802248378376385,
    "/m/0fj9f": 0.003645261851224032,
    "/m/0fnpj": 0.005156548399674265,
    "/m/0frz0": 0.004811438647183505,
    "/m/0fy91": 0.005080461502075195,
    "/m/0g0vx": 0.003668487071990967,
    "/m/0g7nc": 0.003981113433837891,
    "/m/0g_qdz": 0.006605625152587891,
    "/m/0gbbt": 0.004986286163330078,
    "/m/0gl2ny2": 0.003372649351755778,
    "/m/0h9c": 0.0043697357177734375,
    "/m/0jgxn": 0.004299283027648926,
    "/m/0kyk": 0.004650397096725709,
    "/m/0lgw7": 0.0063800161535089665,
    "/m/0mb31": 0.004575490951538086,
    "/m/0mch7": 0.0041179656982421875,
    "/m/0mn6": 0.003582545689174107,
    "/m/0n1h": 0.005944245570414775,
    "/m/0nbcg": 0.0058592469005261435,
    "/m/0np9r": 0.004389913309188117,
    "/m/0q04f": 0.007045025626818339,
    "/m/0xzm": 0.0069080829620361325
}